,x,y,frel
0,ENSG00000142937,ENSG00000237550,1.0
1,ENSG00000105640,ENSG00000213442,1.0
2,ENSG00000104408,ENSG00000171863,1.0
3,ENSG00000147403,ENSG00000178464,1.0
4,ENSG00000143479,ENSG00000163923,1.0
5,ENSG00000116251,ENSG00000186468,1.0
6,ENSG00000109475,ENSG00000244398,1.0
7,ENSG00000145425,ENSG00000234797,1.0
8,ENSG00000105193,ENSG00000138100,1.0
9,ENSG00000105640,ENSG00000171858,1.0
10,ENSG00000100316,ENSG00000232573,1.0
11,ENSG00000109475,ENSG00000182774,1.0
12,ENSG00000142541,ENSG00000236552,1.0
13,ENSG00000079387,ENSG00000163923,1.0
14,ENSG00000089157,ENSG00000140988,1.0
15,ENSG00000143947,ENSG00000198034,1.0
16,ENSG00000122026,ENSG00000136149,1.0
17,ENSG00000125691,ENSG00000142937,1.0
18,ENSG00000110700,ENSG00000118181,1.0
19,ENSG00000063177,ENSG00000130255,1.0
20,ENSG00000142534,ENSG00000233762,1.0
21,ENSG00000114391,ENSG00000118181,1.0
22,ENSG00000144713,ENSG00000147604,1.0
23,ENSG00000089157,ENSG00000162244,1.0
24,ENSG00000241343,ENSG00000244398,1.0
25,ENSG00000145425,ENSG00000163682,1.0
26,ENSG00000124614,ENSG00000161016,1.0
27,ENSG00000164587,ENSG00000204628,1.0
28,ENSG00000137154,ENSG00000182899,1.0
29,ENSG00000112306,ENSG00000137154,0.999625
30,ENSG00000147403,ENSG00000256393,0.99957374254
31,ENSG00000112306,ENSG00000145741,0.999567474048
32,ENSG00000108107,ENSG00000175029,0.999144568007
33,ENSG00000144713,ENSG00000145741,0.999134948097
34,ENSG00000108298,ENSG00000149806,0.99675
35,ENSG00000144713,ENSG00000278274,0.996129032258
36,ENSG00000147140,ENSG00000165502,0.992756710695
37,ENSG00000147403,ENSG00000269242,0.985426489498
38,ENSG00000051620,ENSG00000185088,0.982433590403
39,ENSG00000142534,ENSG00000236552,0.976303317536
40,ENSG00000137876,ENSG00000174748,0.969117007395
41,ENSG00000143947,ENSG00000198242,0.960875
42,ENSG00000114391,ENSG00000138326,0.95975
43,ENSG00000129824,ENSG00000183878,0.946482520501
44,ENSG00000138326,ENSG00000147604,0.942625
45,ENSG00000110700,ENSG00000131469,0.94
46,ENSG00000197756,ENSG00000219747,0.922457627119
47,ENSG00000231500,ENSG00000233927,0.915125
48,ENSG00000146223,ENSG00000159377,0.892979452055
49,ENSG00000136942,ENSG00000174444,0.889
50,ENSG00000142676,ENSG00000161970,0.8875
51,ENSG00000136942,ENSG00000164142,0.878216123499
52,ENSG00000089009,ENSG00000116251,0.868125
53,ENSG00000163159,ENSG00000172809,0.867320819113
54,ENSG00000123975,ENSG00000163923,0.864450127877
55,ENSG00000100316,ENSG00000108107,0.854625
56,ENSG00000100316,ENSG00000260260,0.854148845167
57,ENSG00000125691,ENSG00000242299,0.852073535699
58,ENSG00000198034,ENSG00000214485,0.849280270957
59,ENSG00000105372,ENSG00000201078,0.847948164147
60,ENSG00000215021,ENSG00000229117,0.841967784066
61,ENSG00000174748,ENSG00000213280,0.83262350937
62,cluster_165,ENSG00000233927,0.821307300509
63,ENSG00000131469,ENSG00000189343,0.812925170068
64,ENSG00000037241,ENSG00000180425,0.804421768707
65,ENSG00000100129,ENSG00000149806,0.795191069128
66,ENSG00000037241,ENSG00000183684,0.793698748382
67,ENSG00000089009,ENSG00000125691,0.78775
68,ENSG00000198242,ENSG00000226221,0.785376344086
69,ENSG00000140988,ENSG00000167526,0.78
70,ENSG00000105372,ENSG00000130255,0.779875
71,ENSG00000136942,ENSG00000172809,0.77825
72,ENSG00000168610,ENSG00000185088,0.778111587983
73,ENSG00000008988,ENSG00000171863,0.776625
74,ENSG00000233016,ENSG00000265681,0.775949367089
75,ENSG00000008988,ENSG00000169756,0.767451820128
76,ENSG00000197728,ENSG00000264281,0.765618267988
77,ENSG00000142534,ENSG00000213741,0.76475
78,ENSG00000132676,ENSG00000185627,0.760223848472
79,ENSG00000198918,ENSG00000234797,0.749892749893
80,ENSG00000176046,ENSG00000185088,0.747732181425
81,ENSG00000089157,ENSG00000213553,0.740899357602
82,ENSG00000168264,ENSG00000177600,0.736051502146
83,ENSG00000100316,ENSG00000252481,0.719761499148
84,ENSG00000129824,ENSG00000141232,0.712153518124
85,ENSG00000109475,ENSG00000241343,0.707875
86,ENSG00000165502,ENSG00000196531,0.7050789586
87,ENSG00000204628,ENSG00000233927,0.701530612245
88,ENSG00000233927,ENSG00000256393,0.700767263427
89,ENSG00000037241,ENSG00000133193,0.699872827469
90,ENSG00000137054,ENSG00000221983,0.698371893745
91,ENSG00000233927,ENSG00000252010,0.696956708101
92,ENSG00000129824,ENSG00000176728,0.694741342454
93,ENSG00000149273,ENSG00000231500,0.69175
94,ENSG00000134419,ENSG00000283041,0.689802913453
95,ENSG00000143450,ENSG00000163923,0.689596602972
96,ENSG00000144857,ENSG00000177600,0.68841832325
97,ENSG00000174748,ENSG00000212802,0.68675721562
98,ENSG00000137818,ENSG00000184489,0.68285472973
99,ENSG00000111144,ENSG00000148303,0.681739879414
100,ENSG00000156482,ENSG00000177954,0.68025
101,ENSG00000122406,ENSG00000171863,0.666125
102,ENSG00000140988,ENSG00000163597,0.662098501071
103,ENSG00000105373,ENSG00000167526,0.659583694709
104,ENSG00000063177,ENSG00000269893,0.658838599488
105,ENSG00000146223,ENSG00000183978,0.658282740676
106,ENSG00000142541,ENSG00000198755,0.6535
107,ENSG00000172809,ENSG00000221983,0.6515
108,ENSG00000105373,ENSG00000108298,0.648308759757
109,ENSG00000126756,ENSG00000185088,0.645023494233
110,ENSG00000118197,ENSG00000149806,0.636209094773
111,ENSG00000122026,ENSG00000220842,0.635622317597
112,ENSG00000165502,ENSG00000182004,0.634239592184
113,ENSG00000138463,ENSG00000174748,0.633418584825
114,ENSG00000177954,ENSG00000218426,0.628375482212
115,ENSG00000163923,ENSG00000196436,0.615979381443
116,ENSG00000124614,ENSG00000148303,0.614625
117,ENSG00000138326,ENSG00000227008,0.611584327087
118,ENSG00000100462,ENSG00000132676,0.611563169165
119,ENSG00000147677,ENSG00000221983,0.606459838504
120,ENSG00000084623,ENSG00000170889,0.602521008403
121,ENSG00000125656,ENSG00000132676,0.602306706536
122,ENSG00000037241,ENSG00000055147,0.601970865467
123,ENSG00000177600,ENSG00000189184,0.599156118143
124,ENSG00000124614,ENSG00000168028,0.592875
125,ENSG00000008988,ENSG00000140612,0.592386655261
126,ENSG00000142937,ENSG00000177954,0.584125
127,ENSG00000063177,ENSG00000111678,0.583333333333
128,ENSG00000229117,ENSG00000279483,0.574137931034
129,ENSG00000185088,ENSG00000229152,0.561661618347
130,ENSG00000089009,ENSG00000198918,0.55575
131,ENSG00000131981,ENSG00000177600,0.554738208568
132,ENSG00000136149,ENSG00000156482,0.544429995665
133,ENSG00000121940,ENSG00000146223,0.543664383562
134,ENSG00000072415,ENSG00000146223,0.540563991323
135,ENSG00000142676,ENSG00000198034,0.539
136,ENSG00000233927,ENSG00000264281,0.536837570013
137,ENSG00000171858,ENSG00000174444,0.527
138,ENSG00000142541,ENSG00000234287,0.526041666667
139,ENSG00000070010,ENSG00000132676,0.525724167748
140,ENSG00000140988,ENSG00000240342,0.525706940874
141,ENSG00000008988,ENSG00000226396,0.523320496363
142,ENSG00000116251,ENSG00000226221,0.520430107527
143,ENSG00000071082,ENSG00000149273,0.519125
144,ENSG00000063177,ENSG00000206597,0.507494646681
145,ENSG00000146223,ENSG00000178425,0.501290877797
146,ENSG00000143947,ENSG00000260260,0.5
147,ENSG00000167526,ENSG00000170889,0.499
148,ENSG00000122026,ENSG00000156482,0.4985
149,ENSG00000135390,ENSG00000149806,0.496569468268
150,ENSG00000100316,ENSG00000119888,0.49529109589
151,ENSG00000146223,ENSG00000253797,0.493356193742
152,ENSG00000136942,ENSG00000138768,0.490443092963
153,ENSG00000008988,ENSG00000223803,0.486451612903
154,ENSG00000130741,ENSG00000198034,0.477146518582
155,ENSG00000083845,ENSG00000213553,0.474946466809
156,ENSG00000122026,ENSG00000213860,0.471422432316
157,ENSG00000104529,ENSG00000221983,0.470235546039
158,ENSG00000100380,ENSG00000165502,0.469816272966
159,ENSG00000198918,ENSG00000235174,0.464469178082
160,ENSG00000197958,ENSG00000238622,0.463613013699
161,ENSG00000139239,ENSG00000198755,0.461998292058
162,ENSG00000142676,ENSG00000156508,0.46049277825
163,ENSG00000101608,ENSG00000131469,0.45966709347
164,ENSG00000051620,ENSG00000147403,0.452013710368
165,ENSG00000089009,ENSG00000233762,0.451626712329
166,ENSG00000124614,ENSG00000244313,0.44838012959
167,ENSG00000161016,ENSG00000167526,0.447125
168,ENSG00000115268,ENSG00000149273,0.44275
169,ENSG00000089157,ENSG00000137767,0.441441441441
170,ENSG00000100316,ENSG00000165929,0.4395842356
171,ENSG00000105372,ENSG00000161970,0.43725
172,ENSG00000185088,ENSG00000229117,0.43125
173,ENSG00000115268,ENSG00000146281,0.428389830508
174,ENSG00000147604,ENSG00000163682,0.42525
175,ENSG00000147274,ENSG00000197756,0.424413553432
176,ENSG00000132676,ENSG00000201581,0.421640188922
177,ENSG00000071205,ENSG00000174748,0.421143102707
178,ENSG00000037241,ENSG00000163935,0.414824447334
179,ENSG00000197756,ENSG00000198242,0.412
180,ENSG00000162244,ENSG00000174444,0.4105
181,ENSG00000073282,ENSG00000140988,0.407234042553
182,ENSG00000105640,ENSG00000137818,0.396875
183,ENSG00000136942,ENSG00000138131,0.396226415094
184,ENSG00000146223,ENSG00000196922,0.392013739802
185,ENSG00000044090,ENSG00000115268,0.387028401865
186,ENSG00000114942,ENSG00000131469,0.385465363366
187,ENSG00000124614,ENSG00000171863,0.385375
188,ENSG00000181929,ENSG00000221983,0.38227739726
189,ENSG00000117859,ENSG00000132676,0.381239242685
190,ENSG00000101966,ENSG00000146223,0.380233059991
191,ENSG00000063046,ENSG00000174444,0.379325074754
192,ENSG00000131469,ENSG00000185641,0.376561826799
193,ENSG00000144895,ENSG00000170889,0.376344086022
194,ENSG00000177606,ENSG00000198034,0.374520664678
195,ENSG00000142541,ENSG00000279483,0.370689655172
196,ENSG00000037241,ENSG00000163636,0.365614334471
197,ENSG00000213553,ENSG00000229117,0.364025695931
198,ENSG00000063177,ENSG00000207008,0.363049095607
199,ENSG00000125901,ENSG00000146223,0.357388316151
200,ENSG00000131469,ENSG00000217027,0.354576561163
201,ENSG00000083845,ENSG00000142541,0.35425
202,ENSG00000115268,ENSG00000168028,0.350625
203,ENSG00000100316,ENSG00000278530,0.349785407725
204,ENSG00000122026,ENSG00000137970,0.349764252036
205,ENSG00000108107,ENSG00000178252,0.345663265306
206,ENSG00000137818,ENSG00000218175,0.344519966015
207,ENSG00000147403,ENSG00000198755,0.344375
208,ENSG00000146223,ENSG00000181704,0.343897216274
209,ENSG00000147604,ENSG00000214389,0.343616109683
210,ENSG00000139842,ENSG00000221983,0.341494845361
211,ENSG00000136111,ENSG00000166441,0.339614561028
212,ENSG00000182899,ENSG00000214485,0.338272650296
213,ENSG00000063177,ENSG00000115268,0.33525
214,ENSG00000137970,ENSG00000156482,0.332618945564
215,ENSG00000083845,ENSG00000170889,0.332
216,ENSG00000124614,ENSG00000142534,0.33175
217,ENSG00000166441,ENSG00000213700,0.331052181352
218,ENSG00000063177,ENSG00000230897,0.328713728887
219,ENSG00000135404,ENSG00000185088,0.328498293515
220,ENSG00000166025,ENSG00000170889,0.324497648568
221,ENSG00000105372,ENSG00000198242,0.322875
222,ENSG00000037241,ENSG00000196363,0.319212665811
223,ENSG00000164587,ENSG00000182774,0.317625
224,ENSG00000100316,ENSG00000156508,0.313508920986
225,ENSG00000083845,ENSG00000218426,0.306043720532
226,ENSG00000177600,ENSG00000265681,0.302375
227,ENSG00000105193,ENSG00000143434,0.300383468257
228,ENSG00000122026,ENSG00000235552,0.296632124352
229,ENSG00000131469,ENSG00000203875,0.295600170867
230,ENSG00000133808,ENSG00000163923,0.294067067928
231,ENSG00000123009,ENSG00000142534,0.291018998273
232,ENSG00000137154,ENSG00000200673,0.290021231423
233,ENSG00000124721,ENSG00000163923,0.289552238806
234,ENSG00000129824,ENSG00000173141,0.289042277826
235,ENSG00000136877,ENSG00000197958,0.286698235041
236,ENSG00000075420,ENSG00000177600,0.285714285714
237,ENSG00000083845,ENSG00000229117,0.28425
238,ENSG00000150593,ENSG00000165502,0.283212302435
239,ENSG00000100316,ENSG00000147454,0.282711282711
240,ENSG00000037241,ENSG00000204356,0.276850663243
241,ENSG00000233927,ENSG00000281398,0.273417721519
242,ENSG00000078403,ENSG00000163923,0.269779507134
243,ENSG00000071082,ENSG00000164587,0.26825
244,ENSG00000132676,ENSG00000175193,0.268230277186
245,ENSG00000108107,ENSG00000153404,0.267391304348
246,ENSG00000235174,ENSG00000241343,0.266695205479
247,ENSG00000100353,ENSG00000221983,0.266522678186
248,ENSG00000126458,ENSG00000185088,0.266183986371
249,ENSG00000129824,ENSG00000144115,0.264818763326
250,ENSG00000142541,ENSG00000182774,0.260125
251,ENSG00000163923,ENSG00000230006,0.255042016807
252,ENSG00000100353,ENSG00000148303,0.254427645788
253,ENSG00000122406,ENSG00000149273,0.25125
254,ENSG00000164117,ENSG00000165502,0.250970245796
255,ENSG00000198755,ENSG00000214485,0.250211685013
256,ENSG00000106628,ENSG00000132676,0.244827586207
257,ENSG00000137970,ENSG00000142534,0.242177453922
258,ENSG00000174748,ENSG00000233937,0.241942415127
259,ENSG00000175193,ENSG00000221983,0.240938166311
260,ENSG00000130811,ENSG00000221983,0.238934250107
261,ENSG00000168028,ENSG00000255529,0.236989247312
262,ENSG00000131469,ENSG00000173442,0.235319331333
263,ENSG00000105372,ENSG00000222974,0.234368353892
264,ENSG00000137393,ENSG00000229117,0.23271790468
265,ENSG00000071082,ENSG00000147604,0.231625
266,ENSG00000151287,ENSG00000163923,0.229626485569
267,ENSG00000115268,ENSG00000169660,0.228288907997
268,ENSG00000148303,ENSG00000197756,0.227875
269,ENSG00000105372,ENSG00000265681,0.226375
270,ENSG00000197958,ENSG00000229152,0.226308957161
271,ENSG00000104872,ENSG00000146223,0.225709372313
272,ENSG00000136942,ENSG00000167658,0.225255972696
273,ENSG00000166295,ENSG00000229117,0.224516129032
274,ENSG00000105193,ENSG00000138678,0.221934369603
275,ENSG00000125691,ENSG00000180211,0.221510883483
276,ENSG00000146278,ENSG00000177600,0.221357544315
277,ENSG00000197756,ENSG00000226221,0.221075268817
278,ENSG00000129824,ENSG00000136153,0.220144496388
279,ENSG00000135063,ENSG00000186468,0.219438444924
280,ENSG00000109452,ENSG00000174748,0.217975640487
281,ENSG00000142534,ENSG00000163682,0.21525
282,ENSG00000162639,ENSG00000163923,0.2125
283,ENSG00000148303,ENSG00000172053,0.21199143469
284,ENSG00000165502,ENSG00000198830,0.211900684932
285,ENSG00000136877,ENSG00000136942,0.211364614722
286,ENSG00000115998,ENSG00000163923,0.210752688172
287,ENSG00000138162,ENSG00000140988,0.21013864818
288,ENSG00000105193,ENSG00000178741,0.209802235598
289,ENSG00000221983,ENSG00000274523,0.209272649936
290,ENSG00000129824,ENSG00000271394,0.207708779443
291,ENSG00000088448,ENSG00000170889,0.207490314249
292,ENSG00000099203,ENSG00000129824,0.20673486786
293,ENSG00000132676,ENSG00000199831,0.206322084579
294,ENSG00000115649,ENSG00000132676,0.2060709705
295,ENSG00000165502,ENSG00000176731,0.205807002562
296,ENSG00000008324,ENSG00000146223,0.204506065858
297,ENSG00000086102,ENSG00000132676,0.204448246364
298,ENSG00000008988,ENSG00000235655,0.204370179949
299,ENSG00000163923,ENSG00000166394,0.204177323103
300,ENSG00000037241,ENSG00000125818,0.204003407155
301,ENSG00000129824,ENSG00000202512,0.203695745595
302,ENSG00000013563,ENSG00000131469,0.203592814371
303,ENSG00000166441,ENSG00000218175,0.203483432455
304,ENSG00000105193,ENSG00000152556,0.203411513859
305,ENSG00000037241,ENSG00000168061,0.203375162267
306,ENSG00000233927,ENSG00000283293,0.200169276344
307,ENSG00000006625,ENSG00000146223,0.19780683256
308,ENSG00000117614,ENSG00000172809,0.195652173913
309,ENSG00000129824,ENSG00000144659,0.194302721088
310,ENSG00000068137,ENSG00000213741,0.193065068493
311,ENSG00000131469,ENSG00000171443,0.192013593883
312,ENSG00000068137,ENSG00000148303,0.191352739726
313,ENSG00000132676,ENSG00000167986,0.190086206897
314,ENSG00000136942,ENSG00000156265,0.189846416382
315,ENSG00000063177,ENSG00000175061,0.189632829374
316,ENSG00000008988,ENSG00000139218,0.189328743546
317,ENSG00000015479,ENSG00000108107,0.189223589308
318,ENSG00000063177,ENSG00000198755,0.18875
319,ENSG00000163923,ENSG00000171772,0.187819420784
320,ENSG00000088448,ENSG00000197958,0.187688334051
321,ENSG00000100316,ENSG00000222515,0.185855972402
322,ENSG00000133639,ENSG00000177600,0.185628742515
323,ENSG00000129824,ENSG00000137198,0.18537414966
324,ENSG00000144895,ENSG00000185088,0.179784946237
325,ENSG00000148498,ENSG00000174748,0.179542511869
326,ENSG00000129824,ENSG00000200488,0.175885911841
327,ENSG00000100316,ENSG00000233476,0.174508126604
328,ENSG00000196275,ENSG00000198755,0.174493752693
329,ENSG00000115866,ENSG00000149806,0.174118658641
330,ENSG00000006652,ENSG00000148303,0.172575822298
331,ENSG00000100316,ENSG00000196205,0.172428694901
332,ENSG00000129824,ENSG00000189060,0.171587505349
333,ENSG00000112773,ENSG00000177600,0.171209540034
334,ENSG00000063177,ENSG00000199410,0.17094017094
335,ENSG00000197756,ENSG00000224631,0.169795221843
336,ENSG00000136942,ENSG00000137818,0.165
337,ENSG00000100129,ENSG00000124614,0.15972520395
338,ENSG00000101182,ENSG00000131469,0.159081242025
339,ENSG00000175482,ENSG00000185088,0.15838641189
340,ENSG00000177410,ENSG00000265681,0.156116338751
341,ENSG00000185088,ENSG00000230734,0.154373927959
342,ENSG00000148303,ENSG00000213598,0.153514445882
343,ENSG00000142534,ENSG00000142541,0.15325
344,ENSG00000149806,ENSG00000278845,0.151187904968
345,ENSG00000008988,ENSG00000152104,0.150404772049
346,ENSG00000122026,ENSG00000180211,0.150234741784
347,ENSG00000129824,ENSG00000283293,0.150232754972
348,ENSG00000137996,ENSG00000146223,0.149400684932
349,ENSG00000129824,ENSG00000200312,0.148514851485
350,ENSG00000157227,ENSG00000177600,0.148211977596
351,ENSG00000037241,ENSG00000139637,0.146057733735
352,ENSG00000063177,ENSG00000207496,0.145726495726
353,ENSG00000146281,ENSG00000185088,0.142372881356
354,ENSG00000149806,ENSG00000155463,0.140456699698
355,ENSG00000107223,ENSG00000165502,0.138329764454
356,ENSG00000174748,ENSG00000244754,0.137724550898
357,ENSG00000106263,ENSG00000132676,0.137179487179
358,ENSG00000149806,ENSG00000213280,0.137137989779
359,ENSG00000005436,ENSG00000132676,0.137093275488
360,ENSG00000037241,ENSG00000118900,0.136363636364
361,ENSG00000146677,ENSG00000198918,0.135564135564
362,ENSG00000143947,ENSG00000156508,0.135514018692
363,ENSG00000132676,ENSG00000181929,0.134845890411
364,ENSG00000008988,ENSG00000172086,0.133132270573
365,ENSG00000060138,ENSG00000105193,0.132099827883
366,ENSG00000149743,ENSG00000221983,0.130060292851
367,ENSG00000010017,ENSG00000037241,0.12857753097
368,ENSG00000143319,ENSG00000163923,0.127358490566
369,ENSG00000122406,ENSG00000234797,0.126126126126
370,ENSG00000161970,ENSG00000226221,0.124301075269
371,ENSG00000134419,ENSG00000196730,0.123561994035
372,ENSG00000127324,ENSG00000185088,0.123228853585
373,ENSG00000146223,ENSG00000162961,0.122422680412
374,ENSG00000072778,ENSG00000185088,0.121739130435
375,ENSG00000100316,ENSG00000150593,0.121315677061
376,ENSG00000108107,ENSG00000109736,0.119763013119
377,ENSG00000140543,ENSG00000182899,0.118925831202
378,ENSG00000083845,ENSG00000138326,0.118375
379,ENSG00000092036,ENSG00000142676,0.116816431322
380,ENSG00000110063,ENSG00000132676,0.116258741259
381,ENSG00000108107,ENSG00000272758,0.113891285591
382,ENSG00000101608,ENSG00000110700,0.111822449851
383,ENSG00000134419,ENSG00000234851,0.111686071583
384,ENSG00000139239,ENSG00000197728,0.111443210931
385,ENSG00000163923,ENSG00000182481,0.111158614793
386,ENSG00000112306,ENSG00000171863,0.1105
387,ENSG00000037241,ENSG00000119392,0.109833971903
388,ENSG00000084092,ENSG00000197756,0.109682947729
389,ENSG00000125691,ENSG00000226360,0.109482758621
390,ENSG00000163923,ENSG00000181195,0.108622147084
391,ENSG00000143947,ENSG00000224631,0.108361774744
392,ENSG00000019549,ENSG00000100316,0.107605877269
393,ENSG00000036549,ENSG00000146223,0.107448630137
394,ENSG00000163923,trna.id.15.72117,0.107049608355
395,ENSG00000109133,ENSG00000146223,0.106912838128
396,ENSG00000105193,ENSG00000167393,0.106837606838
397,ENSG00000166441,ENSG00000213639,0.105490704712
398,ENSG00000105193,ENSG00000164068,0.105488850772
399,ENSG00000120616,ENSG00000148303,0.105218135158
400,ENSG00000132676,ENSG00000222496,0.104502973662
401,ENSG00000125995,ENSG00000221983,0.104051172708
402,ENSG00000197756,ENSG00000200673,0.103184713376
403,ENSG00000129128,ENSG00000146223,0.102978723404
404,ENSG00000125656,ENSG00000221983,0.102947458351
405,ENSG00000037241,ENSG00000171861,0.102707348517
406,ENSG00000174748,ENSG00000251869,0.101970865467
407,ENSG00000129824,ENSG00000239246,0.101855848079
408,ENSG00000077522,ENSG00000105193,0.101796407186
409,ENSG00000105193,ENSG00000196091,0.101694915254
410,ENSG00000117614,ENSG00000144713,0.101023017903
411,ENSG00000105193,ENSG00000164309,0.101023017903
412,ENSG00000089009,ENSG00000188846,0.100125
413,ENSG00000132676,ENSG00000221983,0.1
414,ENSG00000165502,ENSG00000261512,0.0997004706889
415,ENSG00000137818,ENSG00000240342,0.0994001713796
416,ENSG00000142534,ENSG00000227615,0.0990764063812
417,ENSG00000162645,ENSG00000197958,0.0990183525395
418,ENSG00000037241,ENSG00000106305,0.098275862069
419,ENSG00000213700,ENSG00000229117,0.0979469632164
420,ENSG00000185088,ENSG00000189180,0.0975609756098
421,ENSG00000114942,ENSG00000136942,0.0968975775606
422,ENSG00000105856,ENSG00000148303,0.0967880085653
423,ENSG00000165502,ENSG00000187735,0.0966780238501
424,ENSG00000100316,ENSG00000177426,0.0966079862602
425,ENSG00000151353,ENSG00000197756,0.0965367965368
426,ENSG00000105372,ENSG00000207166,0.095966029724
427,ENSG00000083845,ENSG00000177954,0.095375
428,ENSG00000095066,ENSG00000177600,0.0942587832048
429,ENSG00000146278,ENSG00000265681,0.0942498919153
430,ENSG00000198918,ENSG00000227063,0.0942340791738
431,ENSG00000147403,ENSG00000169047,0.0938827527613
432,ENSG00000146223,ENSG00000253982,0.0937634408602
433,ENSG00000037241,ENSG00000183527,0.0920661858294
434,ENSG00000129824,ENSG00000167085,0.0920484010372
435,ENSG00000065427,ENSG00000221983,0.0920430107527
436,ENSG00000124098,ENSG00000147403,0.0918942349371
437,ENSG00000100316,ENSG00000206637,0.091180230081
438,ENSG00000172809,ENSG00000260708,0.0909867577958
439,ENSG00000100316,ENSG00000188243,0.0891692040017
440,ENSG00000132676,ENSG00000168884,0.0879120879121
441,ENSG00000129824,ENSG00000162928,0.0877568493151
442,ENSG00000182899,ENSG00000196275,0.0874623007324
443,ENSG00000168028,ENSG00000234851,0.0871065114273
444,ENSG00000129518,ENSG00000165502,0.086974789916
445,ENSG00000037241,ENSG00000128185,0.0868644067797
446,ENSG00000117592,ENSG00000149806,0.0866175833694
447,ENSG00000089289,ENSG00000166441,0.0859709153122
448,ENSG00000198918,ENSG00000213442,0.0855431993157
449,ENSG00000089289,ENSG00000140988,0.0851154833191
450,ENSG00000137942,ENSG00000197756,0.0846947549441
451,ENSG00000037241,ENSG00000124074,0.0843425605536
452,ENSG00000163923,ENSG00000185842,0.0837628865979
453,ENSG00000140612,ENSG00000149806,0.0829769033362
454,ENSG00000146223,ENSG00000211450,0.0821505376344
455,ENSG00000099954,ENSG00000105193,0.0816588285592
456,ENSG00000112234,ENSG00000185088,0.0804255319149
457,ENSG00000105372,ENSG00000235408,0.0802575107296
458,ENSG00000131469,ENSG00000169714,0.079707022835
459,ENSG00000122026,ENSG00000168300,0.0796610169492
460,ENSG00000108671,ENSG00000132676,0.0795698924731
461,ENSG00000037241,ENSG00000183207,0.0793176972281
462,ENSG00000142892,ENSG00000146223,0.078313253012
463,ENSG00000104613,ENSG00000146223,0.0779500430663
464,ENSG00000136149,ENSG00000229117,0.0771564802774
465,ENSG00000134419,ENSG00000182552,0.0766580534022
466,ENSG00000172531,ENSG00000185088,0.0761008978196
467,ENSG00000122026,ENSG00000234851,0.0741699008193
468,ENSG00000103152,ENSG00000185088,0.0739773716275
469,ENSG00000142534,ENSG00000181524,0.0735800344234
470,ENSG00000113916,ENSG00000197958,0.0733074601121
471,ENSG00000096080,ENSG00000129824,0.072432893055
472,ENSG00000105193,ENSG00000112276,0.0716738197425
473,ENSG00000136942,ENSG00000162413,0.0710920770878
474,ENSG00000117410,ENSG00000146223,0.0710920770878
475,ENSG00000117543,ENSG00000174748,0.0710336027222
476,ENSG00000140988,ENSG00000167693,0.071000855432
477,ENSG00000125691,ENSG00000205871,0.0709035884133
478,ENSG00000148498,ENSG00000149806,0.0707811825637
479,ENSG00000111341,ENSG00000177600,0.0705679862306
480,ENSG00000048028,ENSG00000172809,0.0704103671706
481,ENSG00000086189,ENSG00000197756,0.070272572402
482,ENSG00000163923,ENSG00000253250,0.0698371893745
483,ENSG00000185088,ENSG00000214022,0.0697575499787
484,ENSG00000147403,ENSG00000157514,0.0697374085235
485,ENSG00000134970,ENSG00000146223,0.0694087403599
486,ENSG00000112578,ENSG00000132676,0.0683686715707
487,ENSG00000174748,ENSG00000270580,0.0682203389831
488,ENSG00000165502,ENSG00000176386,0.068085106383
489,ENSG00000123009,ENSG00000170889,0.0677892918826
490,ENSG00000058056,ENSG00000105193,0.0674978503869
491,ENSG00000148303,ENSG00000200488,0.0674157303371
492,ENSG00000108298,ENSG00000138131,0.0673241852487
493,ENSG00000132676,ENSG00000157106,0.0669546436285
494,ENSG00000135679,ENSG00000185088,0.0666953528399
495,ENSG00000105193,ENSG00000188130,0.0664395229983
496,ENSG00000122406,ENSG00000182899,0.06575
497,ENSG00000143486,ENSG00000148303,0.0657276995305
498,ENSG00000095319,ENSG00000163923,0.0653846153846
499,ENSG00000148303,ENSG00000201901,0.0652920962199
500,ENSG00000122026,ENSG00000220793,0.0647388864912
501,ENSG00000132676,ENSG00000134809,0.0647359454855
502,ENSG00000167658,ENSG00000197958,0.0639931740614
503,ENSG00000115268,ENSG00000278249,0.0636285468616
504,ENSG00000100316,ENSG00000153094,0.0631986242476
505,ENSG00000131469,ENSG00000165912,0.0629787234043
506,ENSG00000083845,ENSG00000178035,0.0627650551315
507,ENSG00000163923,ENSG00000259728,0.061407249467
508,ENSG00000120253,ENSG00000148303,0.0610328638498
509,ENSG00000135063,ENSG00000241343,0.0609071274298
510,ENSG00000142676,ENSG00000224631,0.0605802047782
511,ENSG00000105372,ENSG00000280496,0.0593763348996
512,ENSG00000125691,ENSG00000137970,0.0591513073296
513,ENSG00000037241,ENSG00000108961,0.0590771884433
514,ENSG00000037241,ENSG00000170881,0.0585970915312
515,ENSG00000132676,ENSG00000200312,0.0585449849333
516,ENSG00000149806,ENSG00000229117,0.057875
517,ENSG00000170889,ENSG00000217716,0.0573139435415
518,ENSG00000102007,ENSG00000137818,0.0567986230637
519,ENSG00000185834,ENSG00000188846,0.0566596194503
520,ENSG00000037241,ENSG00000117481,0.0565142364107
521,ENSG00000137818,ENSG00000164309,0.0558397271952
522,ENSG00000037241,ENSG00000164898,0.0557235421166
523,ENSG00000107020,ENSG00000197728,0.0556754423824
524,ENSG00000174748,ENSG00000213087,0.0556745182013
525,ENSG00000083845,ENSG00000185834,0.0553911205074
526,ENSG00000048828,ENSG00000146223,0.055364806867
527,ENSG00000176731,ENSG00000197756,0.0550811272417
528,ENSG00000115268,ENSG00000233927,0.054625
529,ENSG00000241343,trna.id.6.30967,0.0541702493551
530,ENSG00000137818,ENSG00000166441,0.0535
531,ENSG00000197728,ENSG00000234287,0.0533854166667
532,ENSG00000163923,ENSG00000184445,0.0532594801875
533,ENSG00000163923,ENSG00000278463,0.0532367972743
534,ENSG00000163611,ENSG00000165502,0.0529715762274
535,ENSG00000105372,ENSG00000222931,0.0527417329427
536,ENSG00000131051,ENSG00000197756,0.0526315789474
537,ENSG00000125520,ENSG00000213741,0.0517168291649
538,ENSG00000129824,ENSG00000229807,0.0513595166163
539,ENSG00000109475,ENSG00000163682,0.05125
540,ENSG00000139842,ENSG00000172809,0.051116838488
541,ENSG00000163923,ENSG00000173421,0.0508329773601
542,ENSG00000132676,ENSG00000169696,0.0508253692441
543,ENSG00000177954,ENSG00000252652,0.0504093063335
544,ENSG00000129824,ENSG00000162885,0.0501730103806
545,ENSG00000166441,ENSG00000229117,0.050125
546,ENSG00000129824,ENSG00000204634,0.049849591749
547,ENSG00000140988,ENSG00000167658,0.0494880546075
548,ENSG00000164654,ENSG00000170889,0.0488431876607
549,ENSG00000146223,ENSG00000168569,0.0486763450043
550,ENSG00000064703,ENSG00000163923,0.0484848484848
551,ENSG00000132676,ENSG00000196792,0.0481055768412
552,ENSG00000123349,ENSG00000148303,0.0479246897732
553,ENSG00000100316,ENSG00000143947,0.047875
554,ENSG00000063177,ENSG00000200320,0.0477408354646
555,ENSG00000197728,ENSG00000234354,0.0466609589041
556,ENSG00000107020,ENSG00000213741,0.0466119982736
557,ENSG00000066926,ENSG00000146223,0.0464330941325
558,ENSG00000142534,ENSG00000229638,0.0459073191858
559,ENSG00000161016,ENSG00000242071,0.0458279290964
560,ENSG00000082641,ENSG00000105193,0.04555221315
561,ENSG00000037241,ENSG00000132646,0.0450871969375
562,ENSG00000185088,ENSG00000264281,0.0448082722964
563,ENSG00000127324,ENSG00000129824,0.0446543580936
564,ENSG00000213639,ENSG00000229117,0.0428015564202
565,ENSG00000072778,ENSG00000149806,0.0426086956522
566,ENSG00000129824,ENSG00000207582,0.04260758415
567,ENSG00000170962,ENSG00000177600,0.0425713069391
568,ENSG00000163923,ENSG00000165113,0.0424346335191
569,ENSG00000123144,ENSG00000132676,0.042064180399
570,ENSG00000147687,ENSG00000174748,0.0415773681955
571,ENSG00000008988,ENSG00000117614,0.041346973572
572,ENSG00000116906,ENSG00000172809,0.0411191182705
573,ENSG00000037241,ENSG00000169193,0.0409906063194
574,ENSG00000233927,ENSG00000237441,0.0409306333477
575,ENSG00000118197,ENSG00000172809,0.0407989800255
576,ENSG00000131469,ENSG00000229119,0.0406091370558
577,ENSG00000125458,ENSG00000149806,0.040326040326
578,ENSG00000174748,ENSG00000229152,0.0402423193423
579,ENSG00000162645,ENSG00000198918,0.0401195049082
580,ENSG00000132676,ENSG00000149182,0.0398136382889
581,ENSG00000108298,ENSG00000243678,0.0397775876818
582,ENSG00000186468,ENSG00000244716,0.0397435897436
583,ENSG00000122026,ENSG00000134419,0.039625
584,ENSG00000063177,ENSG00000151208,0.0395528804815
585,ENSG00000143947,ENSG00000145592,0.039125
586,ENSG00000131469,ENSG00000232472,0.0390990225244
587,ENSG00000135842,ENSG00000147403,0.0383442265795
588,ENSG00000163806,ENSG00000163923,0.0381778741866
589,ENSG00000131469,ENSG00000133112,0.0380179410508
590,ENSG00000062582,ENSG00000134419,0.037339055794
591,ENSG00000105193,ENSG00000118407,0.0372750642674
592,ENSG00000174428,ENSG00000197958,0.0369740756481
593,ENSG00000118007,ENSG00000221983,0.0369113279593
594,ENSG00000100316,ENSG00000226084,0.0368284228769
595,ENSG00000137818,ENSG00000165912,0.0365957446809
596,ENSG00000008988,ENSG00000258297,0.0362164465275
597,ENSG00000085721,ENSG00000132676,0.036093418259
598,ENSG00000071082,ENSG00000116251,0.03575
599,ENSG00000156482,ENSG00000214535,0.0350577169731
600,ENSG00000146223,ENSG00000168118,0.0350128095645
601,ENSG00000156482,ENSG00000256338,0.034938219003
602,ENSG00000138646,ENSG00000163923,0.0346449957228
603,ENSG00000115268,ENSG00000198355,0.0344680851064
604,ENSG00000171469,ENSG00000197756,0.0344086021505
605,ENSG00000134574,ENSG00000144713,0.0342784595853
606,ENSG00000100316,ENSG00000129354,0.0342319212666
607,ENSG00000124786,ENSG00000165502,0.0338765008576
608,ENSG00000171016,ENSG00000172809,0.0336787564767
609,ENSG00000105193,ENSG00000125733,0.0334763948498
610,ENSG00000138131,ENSG00000197958,0.0334476843911
611,ENSG00000188243,ENSG00000265681,0.0330578512397
612,ENSG00000037241,ENSG00000166226,0.0329905741217
613,ENSG00000134056,ENSG00000146223,0.0328697850822
614,ENSG00000134419,ENSG00000230202,0.03264604811
615,ENSG00000129824,ENSG00000179085,0.0323266695023
616,ENSG00000147403,ENSG00000186468,0.03225
617,ENSG00000037241,ENSG00000204560,0.0320512820513
618,ENSG00000104522,ENSG00000132676,0.0320207702293
619,ENSG00000115268,ENSG00000237441,0.031882809134
620,ENSG00000102007,ENSG00000105640,0.0318416523236
621,ENSG00000137818,ENSG00000197321,0.031462585034
622,ENSG00000156482,ENSG00000227081,0.0313708637731
623,ENSG00000163923,ENSG00000219926,0.0313573883162
624,ENSG00000089154,ENSG00000132676,0.03125
625,ENSG00000037241,ENSG00000185813,0.031222896791
626,ENSG00000105640,ENSG00000162645,0.0311566367904
627,ENSG00000170364,ENSG00000197756,0.0310638297872
628,ENSG00000008988,ENSG00000214535,0.0307823856349
629,ENSG00000174748,ENSG00000205871,0.0306960657155
630,ENSG00000130508,ENSG00000177600,0.0305473058973
631,ENSG00000113810,ENSG00000163923,0.0301464254953
632,ENSG00000137970,ENSG00000168028,0.0300042863266
633,ENSG00000067064,ENSG00000146223,0.0299273193673
634,ENSG00000156482,ENSG00000283041,0.0295629820051
635,ENSG00000088280,ENSG00000167526,0.0294499783456
636,ENSG00000108298,ENSG00000167658,0.0294368600683
637,ENSG00000132676,ENSG00000177646,0.0291845493562
638,ENSG00000155760,ENSG00000198034,0.028973157222
639,ENSG00000063177,ENSG00000132849,0.0288544358312
640,ENSG00000084092,ENSG00000148303,0.028706083976
641,ENSG00000105193,ENSG00000160392,0.0286324786325
642,ENSG00000134419,ENSG00000232388,0.028217186832
643,ENSG00000142676,ENSG00000186470,0.0282051282051
644,ENSG00000120616,ENSG00000197756,0.0278015397776
645,ENSG00000121073,ENSG00000132676,0.0278015397776
646,ENSG00000116668,ENSG00000163923,0.0275981026304
647,ENSG00000067248,ENSG00000174748,0.0275505811451
648,ENSG00000185088,ENSG00000189266,0.0275307073274
649,ENSG00000139842,ENSG00000149806,0.0274914089347
650,ENSG00000037241,ENSG00000144231,0.0272020725389
651,ENSG00000177600,ENSG00000180447,0.0271416454623
652,ENSG00000146223,ENSG00000263465,0.0271186440678
653,ENSG00000197756,ENSG00000223040,0.0270502361529
654,ENSG00000099725,ENSG00000129824,0.0270154373928
655,ENSG00000143947,ENSG00000233476,0.0269461077844
656,ENSG00000125676,ENSG00000197756,0.0269230769231
657,ENSG00000114391,ENSG00000171858,0.026875
658,ENSG00000177600,ENSG00000206652,0.026863084922
659,ENSG00000091436,ENSG00000131469,0.0267011197244
660,ENSG00000100316,ENSG00000234741,0.0264618011097
661,ENSG00000037241,ENSG00000116885,0.0262252794497
662,ENSG00000140612,ENSG00000221983,0.0260906757913
663,ENSG00000092203,ENSG00000132676,0.0255300735612
664,ENSG00000096872,ENSG00000163923,0.0255210548703
665,ENSG00000115946,ENSG00000132676,0.0252893270467
666,ENSG00000008988,ENSG00000231767,0.025
667,ENSG00000099624,ENSG00000105193,0.0249355116079
668,ENSG00000137818,ENSG00000162409,0.0248075278015
669,ENSG00000213741,ENSG00000232346,0.0248075278015
670,ENSG00000149823,ENSG00000174748,0.0244006849315
671,ENSG00000092098,ENSG00000221983,0.0243381725021
672,ENSG00000122026,ENSG00000230629,0.0239623448866
673,ENSG00000197728,ENSG00000232346,0.0239520958084
674,ENSG00000143457,ENSG00000148303,0.0238500851789
675,ENSG00000105193,ENSG00000185482,0.0237892948173
676,ENSG00000105640,ENSG00000136877,0.0236762806715
677,ENSG00000197756,ENSG00000269929,0.0233446519525
678,ENSG00000037241,ENSG00000100083,0.0230635335074
679,ENSG00000132676,ENSG00000157020,0.022910479423
680,ENSG00000146223,ENSG00000242485,0.0228153250108
681,ENSG00000008988,ENSG00000239559,0.0227956989247
682,ENSG00000125691,ENSG00000230076,0.0227655986509
683,ENSG00000138326,ENSG00000188846,0.022625
684,ENSG00000126581,ENSG00000149806,0.0225792444637
685,ENSG00000125733,ENSG00000131469,0.0223175965665
686,ENSG00000163682,ENSG00000227615,0.0222502099076
687,ENSG00000037241,ENSG00000142583,0.0219966159052
688,ENSG00000136877,ENSG00000166441,0.02195436935
689,ENSG00000146223,ENSG00000183283,0.0218041898247
690,ENSG00000006652,ENSG00000197756,0.0217855617258
691,ENSG00000185088,ENSG00000206503,0.0217391304348
692,ENSG00000132432,ENSG00000165502,0.0216560509554
693,ENSG00000132676,ENSG00000159210,0.021616947687
694,ENSG00000142534,ENSG00000156482,0.021375
695,ENSG00000161011,ENSG00000197958,0.0212675457252
696,ENSG00000130772,ENSG00000132676,0.0212585034014
697,ENSG00000174748,ENSG00000263266,0.0212213079255
698,ENSG00000105193,ENSG00000266964,0.0209401709402
699,ENSG00000207166,ENSG00000265681,0.0208067940552
700,ENSG00000132676,ENSG00000186532,0.0201890034364
701,ENSG00000127022,ENSG00000165502,0.0201284796574
702,ENSG00000129824,ENSG00000172531,0.0200940572894
703,ENSG00000112306,ENSG00000186470,0.0200854700855
704,ENSG00000140988,ENSG00000171490,0.0200768902179
705,ENSG00000100410,ENSG00000132676,0.0199914929817
706,ENSG00000108588,ENSG00000146223,0.0199829931973
707,ENSG00000149806,ENSG00000239246,0.019853258524
708,ENSG00000164713,ENSG00000197958,0.019853258524
709,ENSG00000108107,ENSG00000196756,0.0194889562581
710,ENSG00000169857,ENSG00000221983,0.0194384449244
711,ENSG00000122176,ENSG00000177600,0.0194132873167
712,ENSG00000037241,ENSG00000075975,0.0193298969072
713,ENSG00000011638,ENSG00000122026,0.0192143467122
714,ENSG00000122026,ENSG00000225200,0.0192143467122
715,ENSG00000114391,ENSG00000147604,0.01875
716,ENSG00000134419,ENSG00000219023,0.018747337026
717,ENSG00000132676,ENSG00000148290,0.0187154402382
718,ENSG00000170889,ENSG00000214706,0.0184946236559
719,ENSG00000148303,ENSG00000184903,0.018486672399
720,ENSG00000077522,ENSG00000137818,0.0183917878529
721,cluster_746,ENSG00000137818,0.01836821871
722,ENSG00000146223,ENSG00000154889,0.0183447098976
723,ENSG00000121892,ENSG00000165502,0.0179948586118
724,ENSG00000129824,ENSG00000198355,0.0178723404255
725,ENSG00000238649,ENSG00000241343,0.0177258971033
726,ENSG00000146278,ENSG00000241343,0.0177258971033
727,ENSG00000037241,ENSG00000157349,0.017551369863
728,ENSG00000123349,ENSG00000197756,0.0175438596491
729,ENSG00000061794,ENSG00000146223,0.0174691095015
730,ENSG00000148303,ENSG00000223202,0.0171673819742
731,ENSG00000163923,ENSG00000267605,0.0171013253527
732,ENSG00000149273,ENSG00000212664,0.0170575692964
733,ENSG00000125691,ENSG00000243678,0.0166809238666
734,cluster_746,ENSG00000105193,0.0166595472021
735,ENSG00000143486,ENSG00000174748,0.0166453265045
736,ENSG00000163923,ENSG00000253557,0.0165254237288
737,ENSG00000084754,ENSG00000136942,0.0164430982259
738,ENSG00000134419,ENSG00000230076,0.0164418212479
739,ENSG00000118985,ENSG00000146223,0.0164359861592
740,ENSG00000100814,ENSG00000156482,0.0162810625536
741,ENSG00000115268,ENSG00000177000,0.016156462585
742,ENSG00000144746,ENSG00000188846,0.0160381447768
743,ENSG00000008988,ENSG00000240463,0.01597582038
744,ENSG00000111907,ENSG00000188846,0.015873015873
745,ENSG00000123268,ENSG00000166441,0.015852613539
746,ENSG00000134419,ENSG00000214535,0.0158187259513
747,ENSG00000105355,ENSG00000174748,0.0156382079459
748,ENSG00000100316,ENSG00000205189,0.0154705629566
749,ENSG00000145425,ENSG00000244716,0.0153846153846
750,ENSG00000197756,ENSG00000226950,0.0153256704981
751,ENSG00000100316,ENSG00000230897,0.0151580770896
752,ENSG00000135063,ENSG00000198755,0.0151187904968
753,ENSG00000162576,ENSG00000177600,0.0151057401813
754,ENSG00000213741,ENSG00000213965,0.0150085763293
755,ENSG00000213741,ENSG00000235655,0.0149957155099
756,ENSG00000105193,ENSG00000112394,0.0149700598802
757,ENSG00000146278,ENSG00000182899,0.0146995244272
758,ENSG00000115307,ENSG00000132676,0.0146804835924
759,ENSG00000092531,ENSG00000148303,0.0146488582508
760,ENSG00000146223,ENSG00000167635,0.0146488582508
761,ENSG00000129824,ENSG00000172586,0.0146425495263
762,ENSG00000129824,ENSG00000180398,0.0145547945205
763,ENSG00000142534,ENSG00000229117,0.014375
764,ENSG00000134419,ENSG00000205268,0.0143459915612
765,ENSG00000171345,ENSG00000198034,0.014224137931
766,ENSG00000177600,ENSG00000223773,0.014157014157
767,ENSG00000100316,ENSG00000177410,0.0141146278871
768,ENSG00000100316,ENSG00000207145,0.0141146278871
769,ENSG00000172809,ENSG00000199133,0.0137990513152
770,ENSG00000134419,ENSG00000234782,0.0137575236457
771,ENSG00000166441,ENSG00000227081,0.013751611517
772,ENSG00000108298,ENSG00000138326,0.013625
773,ENSG00000166441,ENSG00000229638,0.0134257254223
774,ENSG00000122026,ENSG00000138798,0.0132705479452
775,ENSG00000142541,ENSG00000231500,0.01325
776,ENSG00000113328,ENSG00000213741,0.0131971051511
777,ENSG00000132676,ENSG00000222057,0.0131858783496
778,ENSG00000145592,ENSG00000226084,0.0129982668977
779,ENSG00000146223,ENSG00000168936,0.0129645635264
780,ENSG00000100316,ENSG00000162542,0.012836970475
781,ENSG00000136942,ENSG00000198276,0.0128205128205
782,ENSG00000108106,ENSG00000163923,0.0128040973111
783,ENSG00000131469,ENSG00000179967,0.0126471870911
784,ENSG00000105866,ENSG00000174748,0.0125432525952
785,ENSG00000122406,trna.id.11.63781,0.0124570446735
786,ENSG00000105193,ENSG00000130560,0.0124250214225
787,ENSG00000123739,ENSG00000146223,0.0124090714591
788,ENSG00000137818,ENSG00000196091,0.0121686223381
789,ENSG00000177600,ENSG00000213613,0.0118293198141
790,ENSG00000112039,ENSG00000172809,0.011698440208
791,ENSG00000096401,ENSG00000132676,0.0116933737549
792,ENSG00000134419,ENSG00000168899,0.0116229014206
793,ENSG00000108107,ENSG00000167562,0.0115582191781
794,ENSG00000131469,ENSG00000162409,0.0115483319076
795,ENSG00000129824,ENSG00000130222,0.0112020680741
796,ENSG00000134419,ENSG00000236439,0.0111972437554
797,ENSG00000104231,ENSG00000146223,0.0111063648014
798,ENSG00000165912,ENSG00000166441,0.0110638297872
799,ENSG00000134419,ENSG00000253051,0.0110544217687
800,ENSG00000109452,ENSG00000170889,0.0109197816044
801,ENSG00000142676,ENSG00000204642,0.0108648413733
802,ENSG00000132383,ENSG00000174748,0.010775862069
803,ENSG00000067646,ENSG00000129824,0.0107480653482
804,ENSG00000013441,ENSG00000186468,0.0107388316151
805,ENSG00000213073,ENSG00000213741,0.0107158165452
806,ENSG00000089289,ENSG00000108298,0.0106928999145
807,ENSG00000009307,ENSG00000172809,0.0106791969244
808,ENSG00000063177,ENSG00000163938,0.0106700810926
809,ENSG00000108298,ENSG00000227008,0.0106473594549
810,ENSG00000137693,ENSG00000177600,0.0106292517007
811,ENSG00000138674,ENSG00000165502,0.0103986135182
812,ENSG00000146223,ENSG00000181904,0.010296010296
813,ENSG00000122406,ENSG00000214389,0.0102827763496
814,ENSG00000165996,ENSG00000168028,0.0102739726027
815,ENSG00000132676,ENSG00000222386,0.0102651839179
816,ENSG00000122406,trna.id.6.13915,0.0102651839179
817,ENSG00000094841,ENSG00000146223,0.0102564102564
818,ENSG00000200320,ENSG00000233927,0.0102301790281
819,ENSG00000108107,ENSG00000197989,0.0101824352991
820,ENSG00000129824,ENSG00000131495,0.00993949870354
821,ENSG00000105193,ENSG00000199133,0.00991806813282
822,ENSG00000165502,ENSG00000186918,0.0099052540913
823,ENSG00000105193,ENSG00000137818,0.009875
824,ENSG00000177410,ENSG00000177600,0.0098374679213
825,ENSG00000147403,ENSG00000233913,0.00981647460521
826,ENSG00000132676,ENSG00000174851,0.009791400596
827,ENSG00000198755,ENSG00000207279,0.00977475563111
828,ENSG00000063177,ENSG00000100316,0.00975
829,ENSG00000107854,ENSG00000168028,0.0095777100566
830,ENSG00000119138,ENSG00000197958,0.00948275862069
831,ENSG00000037241,ENSG00000141644,0.00940975192472
832,ENSG00000182899,ENSG00000233913,0.0093896713615
833,ENSG00000132676,ENSG00000156273,0.00938166311301
834,ENSG00000124370,ENSG00000213741,0.00938166311301
835,ENSG00000168028,ENSG00000173598,0.00936967632027
836,ENSG00000008018,ENSG00000132676,0.00902837489252
837,ENSG00000198242,ENSG00000212664,0.0089552238806
838,ENSG00000174748,ENSG00000258297,0.0089475926715
839,ENSG00000164967,ENSG00000170889,0.00889830508475
840,ENSG00000100316,ENSG00000167081,0.0086692674469
841,ENSG00000166750,ENSG00000197958,0.00865426222415
842,ENSG00000134419,ENSG00000205871,0.00864677907479
843,ENSG00000108107,ENSG00000213983,0.00864677907479
844,ENSG00000105193,ENSG00000132819,0.00862440707201
845,ENSG00000008988,ENSG00000009307,0.00854335753951
846,ENSG00000198034,ENSG00000271430,0.00853970964987
847,ENSG00000112874,ENSG00000146223,0.00852514919011
848,ENSG00000101182,ENSG00000136942,0.00850701829009
849,ENSG00000198034,trna.id.2.50708,0.00821799307958
850,ENSG00000174748,ENSG00000242071,0.00821444012105
851,ENSG00000042429,ENSG00000108107,0.00819672131148
852,ENSG00000037241,ENSG00000197557,0.00817555938038
853,ENSG00000132676,ENSG00000233837,0.00817555938038
854,ENSG00000165502,ENSG00000235001,0.00810580204778
855,ENSG00000037241,ENSG00000130165,0.00795644891122
856,ENSG00000134419,ENSG00000156482,0.007875
857,ENSG00000134419,ENSG00000235552,0.00777202072539
858,ENSG00000130724,ENSG00000132676,0.00776531492666
859,ENSG00000134419,ENSG00000197958,0.00775
860,ENSG00000122026,ENSG00000213442,0.00769888793841
861,ENSG00000105193,ENSG00000156219,0.00769230769231
862,ENSG00000201640,ENSG00000221983,0.00768573868488
863,ENSG00000095794,ENSG00000163923,0.0076660988075
864,ENSG00000122884,ENSG00000166441,0.00734658599827
865,ENSG00000122406,ENSG00000210049,0.00733074601121
866,ENSG00000147403,ENSG00000264281,0.00732442912538
867,ENSG00000037241,ENSG00000153391,0.00732127476314
868,ENSG00000186532,ENSG00000221983,0.00730240549828
869,ENSG00000197728,ENSG00000213073,0.00728675525075
870,ENSG00000168887,ENSG00000221983,0.00727739726027
871,ENSG00000137818,ENSG00000275072,0.00725565514298
872,ENSG00000155760,ENSG00000265681,0.0072432893055
873,ENSG00000134440,ENSG00000146223,0.00723712217965
874,ENSG00000198918,trna.id.17.35272,0.00722481937952
875,ENSG00000105193,ENSG00000155657,0.00717602363867
876,cluster_826,ENSG00000137818,0.00693541395752
877,ENSG00000146223,ENSG00000188938,0.00688468158348
878,ENSG00000166441,ENSG00000267100,0.00688172043011
879,ENSG00000163660,ENSG00000177600,0.00682302771855
880,ENSG00000140988,ENSG00000197321,0.00680272108844
881,ENSG00000136827,ENSG00000146223,0.00679983000425
882,ENSG00000134419,trna.id.17.35272,0.00679983000425
883,ENSG00000182899,ENSG00000200673,0.0067940552017
884,ENSG00000134419,ENSG00000168300,0.00677966101695
885,ENSG00000070540,ENSG00000140988,0.00675961132235
886,ENSG00000145425,ENSG00000174748,0.00675
887,ENSG00000168646,ENSG00000174748,0.00647109577222
888,ENSG00000132676,ENSG00000197451,0.00645716745588
889,ENSG00000181524,ENSG00000197728,0.00645438898451
890,ENSG00000132676,ENSG00000174903,0.00641573994867
891,ENSG00000089289,ENSG00000174748,0.00641573994867
892,ENSG00000132676,ENSG00000142186,0.00641025641026
893,ENSG00000137818,ENSG00000167393,0.00641025641026
894,ENSG00000132676,ENSG00000200966,0.00640751815463
895,ENSG00000143486,ENSG00000221983,0.00640204865557
896,ENSG00000008988,ENSG00000274523,0.00638026371757
897,ENSG00000086544,ENSG00000233927,0.00635862653667
898,ENSG00000037241,ENSG00000160087,0.00635324015248
899,ENSG00000037241,ENSG00000166508,0.0063025210084
900,ENSG00000073331,ENSG00000177600,0.0060475161987
901,ENSG00000197756,ENSG00000201315,0.00599828620394
902,ENSG00000129824,ENSG00000164654,0.00599828620394
903,ENSG00000089009,ENSG00000124795,0.00599315068493
904,ENSG00000037241,ENSG00000204438,0.00597779675491
905,ENSG00000234741,ENSG00000265681,0.00597524541187
906,ENSG00000012817,ENSG00000129824,0.00597269624573
907,ENSG00000115350,ENSG00000172809,0.005965061781
908,ENSG00000142676,trna.id.12.52200,0.00596252129472
909,ENSG00000134419,trna.id.6.42546,0.00594227504244
910,ENSG00000222931,ENSG00000265681,0.00586019254918
911,ENSG00000182899,ENSG00000198755,0.00575
912,ENSG00000185088,ENSG00000197312,0.00561555075594
913,ENSG00000134419,ENSG00000196683,0.00559380378657
914,ENSG00000166441,ENSG00000234782,0.00558899398108
915,ENSG00000008988,ENSG00000230629,0.00556268720582
916,ENSG00000112167,ENSG00000163923,0.00555555555556
917,ENSG00000164442,ENSG00000177600,0.00555555555556
918,ENSG00000046604,ENSG00000100316,0.00554844216816
919,ENSG00000129824,ENSG00000169567,0.00554844216816
920,ENSG00000105193,ENSG00000173457,0.00554607508532
921,ENSG00000037241,ENSG00000165689,0.0055389859395
922,ENSG00000105193,ENSG00000177731,0.00552721088435
923,ENSG00000165512,ENSG00000197728,0.00516351118761
924,ENSG00000138760,ENSG00000146223,0.00514138817481
925,cluster_390,ENSG00000129824,0.00513478818999
926,ENSG00000214535,ENSG00000229117,0.00513039760581
927,ENSG00000105193,ENSG00000275072,0.00512163892446
928,ENSG00000108107,ENSG00000261659,0.00511945392491
929,ENSG00000122406,ENSG00000212664,0.00511727078891
930,ENSG00000133316,ENSG00000177600,0.00510855683269
931,ENSG00000197728,ENSG00000207782,0.00510638297872
932,ENSG00000105193,ENSG00000167549,0.00509987250319
933,ENSG00000037241,ENSG00000125630,0.00509554140127
934,ENSG00000037241,ENSG00000170291,0.00509121764955
935,ENSG00000134419,ENSG00000211459,0.00509121764955
936,ENSG00000149806,ENSG00000167107,0.00508044030483
937,ENSG00000146223,ENSG00000157593,0.00507614213198
938,ENSG00000163682,ENSG00000177954,0.004875
939,cluster_273,ENSG00000037241,0.00477223427332
940,ENSG00000156482,ENSG00000229638,0.00476396708532
941,ENSG00000122406,ENSG00000234851,0.00474342388961
942,ENSG00000185022,ENSG00000198034,0.00474342388961
943,ENSG00000140988,ENSG00000267100,0.0047311827957
944,ENSG00000129824,ENSG00000138867,0.00472305710605
945,ENSG00000142694,ENSG00000177600,0.00472103004292
946,ENSG00000105193,ENSG00000165526,0.00471293916024
947,ENSG00000145425,trna.id.17.61490,0.00471293916024
948,ENSG00000037241,ENSG00000113838,0.00470688917415
949,ENSG00000137818,ENSG00000231587,0.00469684030743
950,ENSG00000222365,ENSG00000241343,0.00469283276451
951,ENSG00000152104,ENSG00000174748,0.0046868342565
952,ENSG00000148303,ENSG00000252879,0.00433839479393
953,ENSG00000087245,ENSG00000177600,0.0043233895374
954,ENSG00000100316,ENSG00000175061,0.00431965442765
955,ENSG00000188846,ENSG00000265972,0.00429184549356
956,ENSG00000071967,ENSG00000177600,0.00428449014567
957,ENSG00000148303,ENSG00000167565,0.00427715996578
958,ENSG00000136451,ENSG00000172809,0.00427715996578
959,ENSG00000137818,ENSG00000245910,0.0042662116041
960,ENSG00000105193,ENSG00000154153,0.00424268137463
961,ENSG00000144713,ENSG00000160194,0.00422654268808
962,ENSG00000148303,ENSG00000217130,0.00419815281276
963,ENSG00000174748,ENSG00000197620,0.00391134289439
964,ENSG00000184897,ENSG00000197756,0.00390794615719
965,ENSG00000159348,ENSG00000166441,0.00388601036269
966,ENSG00000174748,ENSG00000182552,0.00387596899225
967,ENSG00000129566,ENSG00000185088,0.00386266094421
968,ENSG00000105193,ENSG00000239474,0.003861003861
969,ENSG00000135506,ENSG00000165502,0.003861003861
970,ENSG00000138279,ENSG00000185088,0.00385934819897
971,ENSG00000143842,ENSG00000185088,0.00384286934244
972,ENSG00000105193,ENSG00000143028,0.00383959044369
973,ENSG00000174748,ENSG00000201600,0.00347222222222
974,ENSG00000122026,ENSG00000229638,0.00346470333478
975,ENSG00000122884,ENSG00000149806,0.00345721694036
976,ENSG00000197958,ENSG00000221869,0.00344976282881
977,ENSG00000113658,ENSG00000213741,0.00344827586207
978,ENSG00000178952,ENSG00000221983,0.00344827586207
979,ENSG00000172086,ENSG00000213741,0.00344679017665
980,ENSG00000129824,ENSG00000166295,0.00344086021505
981,ENSG00000088756,ENSG00000163923,0.00343642611684
982,ENSG00000123384,ENSG00000129824,0.00343495062258
983,ENSG00000129824,ENSG00000136888,0.00343347639485
984,ENSG00000132676,ENSG00000197429,0.003432003432
985,ENSG00000131732,ENSG00000165502,0.00342906129447
986,ENSG00000163923,ENSG00000245694,0.003426124197
987,ENSG00000162409,ENSG00000166441,0.00342172797263
988,ENSG00000064726,ENSG00000172809,0.0034188034188
989,ENSG00000112096,ENSG00000197958,0.00341734301581
990,ENSG00000134419,ENSG00000211947,0.00341442594964
991,ENSG00000108107,ENSG00000205581,0.00341442594964
992,ENSG00000134020,ENSG00000134419,0.00341296928328
993,ENSG00000129824,ENSG00000149792,0.00341005967604
994,ENSG00000137818,ENSG00000188130,0.00340715502555
995,ENSG00000114738,ENSG00000131469,0.00339991500212
996,ENSG00000134419,ENSG00000218175,0.00339847068819
997,ENSG00000167107,ENSG00000185088,0.00338696020322
998,ENSG00000145592,trna.id.6.92862,0.00338552687262
999,ENSG00000165502,ENSG00000169230,0.00306345733042
1000,ENSG00000131469,ENSG00000163050,0.00305543430816
1001,ENSG00000134419,ENSG00000149596,0.00303555941023
1002,ENSG00000105835,ENSG00000147403,0.0030276816609
1003,ENSG00000048028,ENSG00000166441,0.00302375809935
1004,ENSG00000137818,ENSG00000159348,0.00302245250432
1005,ENSG00000174748,ENSG00000239246,0.00302114803625
1006,ENSG00000157107,ENSG00000185088,0.00300687285223
1007,ENSG00000008988,ENSG00000085063,0.00300558179476
1008,ENSG00000255717,ENSG00000265681,0.00300171526587
1009,ENSG00000105193,ENSG00000116221,0.00299529311083
1010,ENSG00000163923,ENSG00000236778,0.00299529311083
1011,ENSG00000165502,ENSG00000188725,0.00299529311083
1012,ENSG00000112306,ENSG00000123349,0.00299529311083
1013,ENSG00000007944,ENSG00000008988,0.00298762270593
1014,ENSG00000037241,ENSG00000110713,0.00298126064736
1015,ENSG00000186468,ENSG00000206337,0.00298126064736
1016,ENSG00000037241,ENSG00000135587,0.00297239915074
1017,ENSG00000112306,ENSG00000220848,0.00296987696224
1018,ENSG00000120889,ENSG00000147403,0.00296484540449
1019,ENSG00000163923,ENSG00000273841,0.00296108291032
1020,ENSG00000168028,ENSG00000172663,0.00296108291032
1021,ENSG00000037241,ENSG00000111639,0.00295983086681
1022,ENSG00000155438,ENSG00000174748,0.00293132328308
1023,ENSG00000007255,ENSG00000148303,0.0025974025974
1024,ENSG00000107262,ENSG00000172809,0.00259627866724
1025,ENSG00000105835,ENSG00000185088,0.00259515570934
1026,ENSG00000105193,ENSG00000198736,0.00259515570934
1027,ENSG00000105193,ENSG00000159348,0.00259067357513
1028,ENSG00000116117,ENSG00000177600,0.0025873221216
1029,ENSG00000100316,ENSG00000116299,0.0025873221216
1030,ENSG00000070371,ENSG00000105193,0.0025873221216
1031,ENSG00000141510,ENSG00000165502,0.00258620689655
1032,ENSG00000185088,ENSG00000237441,0.00258509263249
1033,ENSG00000115268,ENSG00000126947,0.00258397932817
1034,ENSG00000121067,ENSG00000146223,0.0025817555938
1035,ENSG00000177600,ENSG00000183853,0.00258064516129
1036,ENSG00000197958,ENSG00000267100,0.00258064516129
1037,ENSG00000166295,ENSG00000168028,0.00258064516129
1038,ENSG00000103274,ENSG00000148303,0.00257953568358
1039,ENSG00000047648,ENSG00000147403,0.00257842715943
1040,ENSG00000137210,ENSG00000185088,0.00257731958763
1041,ENSG00000138867,ENSG00000213741,0.00257621296694
1042,ENSG00000136942,ENSG00000162032,0.00257510729614
1043,ENSG00000198918,ENSG00000206680,0.00257510729614
1044,ENSG00000148303,ENSG00000241741,0.00257510729614
1045,ENSG00000037241,ENSG00000062650,0.00257510729614
1046,ENSG00000136942,ENSG00000185608,0.002574002574
1047,ENSG00000105193,ENSG00000154358,0.002574002574
1048,ENSG00000100814,ENSG00000149806,0.0025706940874
1049,ENSG00000100814,ENSG00000114391,0.0025706940874
1050,ENSG00000063177,ENSG00000233476,0.00256629597947
1051,ENSG00000037241,ENSG00000120896,0.00256629597947
1052,ENSG00000104064,ENSG00000197756,0.0025641025641
1053,ENSG00000137818,ENSG00000185100,0.0025641025641
1054,ENSG00000163923,ENSG00000171467,0.00255972696246
1055,ENSG00000105193,ENSG00000127774,0.00255754475703
1056,ENSG00000078061,ENSG00000129824,0.00255754475703
1057,ENSG00000161800,ENSG00000163923,0.00255536626917
1058,ENSG00000163923,ENSG00000189050,0.00255427841635
1059,ENSG00000129055,ENSG00000146223,0.00254993625159
1060,ENSG00000114738,ENSG00000140988,0.00254993625159
1061,ENSG00000178035,ENSG00000229117,0.00254452926209
1062,ENSG00000129824,ENSG00000146281,0.00254237288136
1063,ENSG00000147403,ENSG00000214485,0.00254022015241
1064,ENSG00000197728,ENSG00000251992,0.00253699788584
1065,ENSG00000089009,ENSG00000205268,0.00253164556962
1066,ENSG00000174748,ENSG00000227615,0.00251889168766
1067,ENSG00000100316,ENSG00000201715,0.00218531468531
1068,ENSG00000105193,ENSG00000163050,0.00218245307726
1069,ENSG00000177508,ENSG00000197728,0.0021645021645
1070,ENSG00000037241,ENSG00000176476,0.00215703192407
1071,ENSG00000132676,ENSG00000178952,0.00215517241379
1072,ENSG00000197728,ENSG00000223803,0.00215053763441
1073,ENSG00000174748,ENSG00000278249,0.00214961306965
1074,ENSG00000008988,ENSG00000227081,0.00214868929953
1075,ENSG00000071994,ENSG00000185088,0.00214868929953
1076,ENSG00000105193,ENSG00000112245,0.00214776632302
1077,ENSG00000125458,ENSG00000132676,0.002145002145
1078,ENSG00000197756,ENSG00000232573,0.002145002145
1079,ENSG00000108107,ENSG00000173209,0.00214132762313
1080,ENSG00000054148,ENSG00000129824,0.00214132762313
1081,ENSG00000168887,ENSG00000174748,0.0021404109589
1082,ENSG00000165996,ENSG00000229117,0.0021404109589
1083,ENSG00000123349,ENSG00000144713,0.00213949507916
1084,ENSG00000166441,ENSG00000217027,0.00213857998289
1085,ENSG00000106263,ENSG00000221983,0.00213675213675
1086,ENSG00000126756,ENSG00000129824,0.00213583938488
1087,ENSG00000137818,ENSG00000203875,0.00213583938488
1088,ENSG00000089057,ENSG00000134419,0.00213401621852
1089,ENSG00000198755,ENSG00000233913,0.00213401621852
1090,ENSG00000197756,ENSG00000226696,0.00213310580205
1091,ENSG00000067955,ENSG00000197958,0.00212947189097
1092,ENSG00000156482,ENSG00000166441,0.002125
1093,ENSG00000166441,ENSG00000174428,0.00212494687633
1094,ENSG00000108788,ENSG00000131469,0.00212494687633
1095,ENSG00000105193,ENSG00000143365,0.00212314225053
1096,ENSG00000197756,ENSG00000220848,0.00212134068731
1097,ENSG00000129824,ENSG00000168288,0.00211954217889
1098,ENSG00000142676,ENSG00000165502,0.001875
1099,ENSG00000134419,ENSG00000144713,0.001875
1100,ENSG00000188243,ENSG00000197756,0.00173988690735
1101,ENSG00000168028,ENSG00000197620,0.00173837461973
1102,cluster_826,ENSG00000105193,0.00173385348938
1103,ENSG00000129824,ENSG00000202217,0.00173235166739
1104,ENSG00000088280,ENSG00000174748,0.00173235166739
1105,ENSG00000134419,ENSG00000229659,0.0017316017316
1106,ENSG00000241343,trna.id.2.50708,0.00173010380623
1107,ENSG00000037241,ENSG00000179409,0.00173010380623
1108,ENSG00000008988,ENSG00000205871,0.00172935581496
1109,ENSG00000129824,ENSG00000244313,0.00172786177106
1110,ENSG00000100316,ENSG00000249264,0.00172562553926
1111,ENSG00000137818,ENSG00000199133,0.0017248814144
1112,ENSG00000037241,ENSG00000248445,0.00172413793103
1113,ENSG00000105193,ENSG00000160539,0.00172339508832
1114,ENSG00000100316,ENSG00000103978,0.00172339508832
1115,ENSG00000122406,ENSG00000225178,0.00172339508832
1116,ENSG00000166441,ENSG00000182154,0.00172265288544
1117,ENSG00000177600,ENSG00000186918,0.00172265288544
1118,ENSG00000132849,ENSG00000147403,0.00172265288544
1119,ENSG00000115758,ENSG00000148303,0.00172191132157
1120,ENSG00000174748,ENSG00000255529,0.00172043010753
1121,ENSG00000166295,ENSG00000170889,0.00172043010753
1122,ENSG00000146223,ENSG00000181610,0.00172043010753
1123,ENSG00000134419,ENSG00000227081,0.00171895143962
1124,ENSG00000168028,ENSG00000213860,0.00171895143962
1125,ENSG00000165502,ENSG00000205189,0.00171895143962
1126,ENSG00000125691,ENSG00000227081,0.00171895143962
1127,ENSG00000008988,ENSG00000157107,0.00171821305842
1128,ENSG00000055044,ENSG00000148303,0.00171747531129
1129,ENSG00000132676,ENSG00000171720,0.00171673819742
1130,ENSG00000162032,ENSG00000197958,0.00171673819742
1131,ENSG00000125691,ENSG00000265972,0.00171673819742
1132,ENSG00000108107,ENSG00000223547,0.001716001716
1133,ENSG00000123130,ENSG00000185088,0.00171526586621
1134,ENSG00000132676,ENSG00000222111,0.00171526586621
1135,ENSG00000008988,ENSG00000230734,0.00171526586621
1136,ENSG00000241343,trna.id.1.29633,0.00171526586621
1137,ENSG00000008988,ENSG00000137970,0.00171453064724
1138,ENSG00000171863,ENSG00000198887,0.00171453064724
1139,ENSG00000131469,ENSG00000138600,0.00171379605827
1140,ENSG00000130413,ENSG00000163923,0.00171379605827
1141,cluster_732,ENSG00000197958,0.00171379605827
1142,ENSG00000213047,ENSG00000213741,0.0017130620985
1143,ENSG00000149806,ENSG00000164062,0.00171232876712
1144,ENSG00000265681,trna.id.6.11418,0.00171232876712
1145,ENSG00000037241,ENSG00000185721,0.00171232876712
1146,ENSG00000037241,ENSG00000154719,0.00171159606333
1147,ENSG00000177410,ENSG00000186468,0.00171086398631
1148,ENSG00000198034,ENSG00000271533,0.0017094017094
1149,ENSG00000147403,ENSG00000266402,0.0017094017094
1150,ENSG00000130255,ENSG00000199410,0.0017094017094
1151,ENSG00000129824,ENSG00000131002,0.0017094017094
1152,ENSG00000145425,ENSG00000236058,0.0017094017094
1153,ENSG00000105193,ENSG00000185100,0.0017094017094
1154,ENSG00000105193,ENSG00000181856,0.00170721297482
1155,ENSG00000064545,ENSG00000197958,0.00170648464164
1156,ENSG00000148303,ENSG00000212664,0.00170575692964
1157,ENSG00000118495,ENSG00000177600,0.00170575692964
1158,ENSG00000149806,ENSG00000256338,0.001704303366
1159,ENSG00000108639,ENSG00000185088,0.001704303366
1160,ENSG00000105193,ENSG00000130005,0.001704303366
1161,ENSG00000143457,ENSG00000197756,0.00170357751278
1162,ENSG00000117450,ENSG00000146223,0.00170285227756
1163,ENSG00000113328,ENSG00000134419,0.00170285227756
1164,ENSG00000105372,ENSG00000222452,0.00170212765957
1165,ENSG00000174748,ENSG00000179119,0.00170212765957
1166,ENSG00000146223,ENSG00000177565,0.00170212765957
1167,ENSG00000118689,ENSG00000197958,0.00170140365802
1168,ENSG00000147403,ENSG00000165983,0.00170140365802
1169,ENSG00000037241,ENSG00000148843,0.00170140365802
1170,ENSG00000122026,ENSG00000218175,0.0016992353441
1171,ENSG00000113369,ENSG00000198918,0.00169851380042
1172,ENSG00000163923,ENSG00000188229,0.00169563374311
1173,ENSG00000160194,ENSG00000221983,0.00169061707523
1174,ENSG00000109452,ENSG00000185088,0.00167996640067
1175,ENSG00000005893,ENSG00000146223,0.00130151843818
1176,ENSG00000121440,ENSG00000186468,0.00129982668977
1177,ENSG00000037241,ENSG00000064703,0.0012987012987
1178,ENSG00000148303,ENSG00000151353,0.0012987012987
1179,ENSG00000008988,ENSG00000226360,0.00129310344828
1180,ENSG00000197756,ENSG00000222451,0.00129198966408
1181,ENSG00000067248,ENSG00000132676,0.00129143349118
1182,ENSG00000165502,ENSG00000197157,0.0012908777969
1183,ENSG00000144713,ENSG00000233837,0.0012908777969
1184,ENSG00000119787,ENSG00000168028,0.00128865979381
1185,ENSG00000241343,trna.id.17.61490,0.0012853470437
1186,ENSG00000167526,ENSG00000200983,0.00128259940145
1187,ENSG00000149273,ENSG00000236058,0.00128205128205
1188,ENSG00000108107,ENSG00000147050,0.00128095644748
1189,ENSG00000241343,trna.id.8.76874,0.00127986348123
1190,ENSG00000103942,ENSG00000147403,0.00127877237852
1191,ENSG00000134419,ENSG00000250317,0.00127768313458
1192,ENSG00000037241,ENSG00000163812,0.00127713920817
1193,ENSG00000105640,ENSG00000165912,0.00127659574468
1194,ENSG00000136942,ENSG00000177731,0.00127551020408
1195,ENSG00000233927,ENSG00000269929,0.00127334465195
1196,ENSG00000134697,ENSG00000221983,0.00126957257723
1197,ENSG00000144579,ENSG00000147403,0.000875656742557
1198,ENSG00000168028,ENSG00000197728,0.000875
1199,ENSG00000135842,ENSG00000213741,0.000871459694989
1200,ENSG00000100316,ENSG00000130147,0.000868432479375
1201,ENSG00000134419,ENSG00000234287,0.000868055555556
1202,ENSG00000168028,ENSG00000234287,0.000868055555556
1203,ENSG00000122406,ENSG00000135540,0.000867678958785
1204,ENSG00000163923,ENSG00000203778,0.000867302688638
1205,ENSG00000131469,ENSG00000135441,0.00086692674469
1206,ENSG00000105193,ENSG00000112039,0.000866551126516
1207,ENSG00000105193,ENSG00000274265,0.000866551126516
1208,ENSG00000136942,ENSG00000153113,0.000866175833694
1209,ENSG00000119943,ENSG00000177600,0.000865800865801
1210,ENSG00000107779,ENSG00000213741,0.000865051903114
1211,ENSG00000122884,ENSG00000136942,0.000864304235091
1212,ENSG00000167085,ENSG00000185088,0.000864304235091
1213,ENSG00000167085,ENSG00000213741,0.000864304235091
1214,ENSG00000147403,ENSG00000175061,0.000863930885529
1215,ENSG00000152642,ENSG00000168028,0.000863930885529
1216,ENSG00000152492,ENSG00000177600,0.000863557858377
1217,ENSG00000134419,ENSG00000220793,0.000863185153215
1218,ENSG00000177971,ENSG00000185088,0.000863185153215
1219,ENSG00000105193,ENSG00000169564,0.000862812769629
1220,ENSG00000146223,ENSG00000275090,0.000862812769629
1221,ENSG00000011260,ENSG00000037241,0.000862812769629
1222,ENSG00000160813,ENSG00000163923,0.000862812769629
1223,ENSG00000241343,trna.id.4.43060,0.000862440707201
1224,ENSG00000265681,ENSG00000279483,0.000862068965517
1225,ENSG00000132676,ENSG00000167721,0.000862068965517
1226,cluster_756,ENSG00000134419,0.000862068965517
1227,ENSG00000168028,ENSG00000225178,0.000861697544162
1228,ENSG00000037241,ENSG00000055130,0.000861697544162
1229,cluster_512,ENSG00000197958,0.000861697544162
1230,ENSG00000132849,ENSG00000213741,0.000861326442722
1231,ENSG00000149806,ENSG00000182154,0.000861326442722
1232,ENSG00000174748,ENSG00000185627,0.000860955660783
1233,ENSG00000149806,ENSG00000185627,0.000860955660783
1234,ENSG00000147403,ENSG00000264623,0.000860955660783
1235,ENSG00000067248,ENSG00000149806,0.000860955660783
1236,ENSG00000135679,ENSG00000149806,0.000860585197935
1237,ENSG00000108107,ENSG00000131873,0.000860585197935
1238,ENSG00000170889,ENSG00000233837,0.000860585197935
1239,ENSG00000163682,ENSG00000223803,0.000860215053763
1240,ENSG00000063177,ENSG00000186352,0.000859845227859
1241,ENSG00000037241,ENSG00000177830,0.000859845227859
1242,ENSG00000118363,ENSG00000146223,0.000859475719811
1243,ENSG00000129824,ENSG00000179627,0.000859475719811
1244,ENSG00000116774,ENSG00000177600,0.000859475719811
1245,ENSG00000082516,ENSG00000132676,0.00085910652921
1246,ENSG00000165502,ENSG00000180596,0.00085910652921
1247,ENSG00000046651,ENSG00000108107,0.000858737655646
1248,ENSG00000163923,ENSG00000250423,0.000858737655646
1249,ENSG00000123415,ENSG00000146223,0.000858737655646
1250,ENSG00000197756,ENSG00000207187,0.000858369098712
1251,ENSG00000163923,ENSG00000247595,0.000858369098712
1252,ENSG00000148303,ENSG00000207187,0.000858369098712
1253,ENSG00000125458,ENSG00000174748,0.000858000858001
1254,ENSG00000100316,ENSG00000201264,0.000858000858001
1255,ENSG00000138050,ENSG00000174748,0.000858000858001
1256,ENSG00000108107,ENSG00000198466,0.000858000858001
1257,ENSG00000129824,ENSG00000198692,0.000857632933105
1258,ENSG00000145730,ENSG00000188846,0.000857632933105
1259,ENSG00000129824,ENSG00000213965,0.000857632933105
1260,ENSG00000138131,ENSG00000166441,0.000857632933105
1261,ENSG00000105193,ENSG00000173442,0.000857265323618
1262,ENSG00000104979,ENSG00000136942,0.000857265323618
1263,ENSG00000198755,ENSG00000269242,0.000857265323618
1264,ENSG00000164654,ENSG00000174748,0.000856898029135
1265,ENSG00000161960,ENSG00000177600,0.000856898029135
1266,ENSG00000136717,ENSG00000137818,0.000856898029135
1267,ENSG00000105193,ENSG00000162614,0.000856531049251
1268,ENSG00000174748,ENSG00000278133,0.000856531049251
1269,ENSG00000128708,ENSG00000221983,0.000856531049251
1270,ENSG00000003402,ENSG00000197958,0.000856531049251
1271,ENSG00000134419,ENSG00000165996,0.000856164383562
1272,ENSG00000149823,ENSG00000197756,0.000856164383562
1273,ENSG00000008988,ENSG00000124795,0.000856164383562
1274,ENSG00000100104,ENSG00000172809,0.000856164383562
1275,ENSG00000124795,ENSG00000168028,0.000856164383562
1276,ENSG00000138798,ENSG00000166441,0.000856164383562
1277,ENSG00000132676,ENSG00000170242,0.000856164383562
1278,ENSG00000165502,ENSG00000173039,0.000856164383562
1279,ENSG00000149806,ENSG00000149823,0.000856164383562
1280,ENSG00000165996,ENSG00000166441,0.000856164383562
1281,ENSG00000124107,ENSG00000197958,0.000855798031665
1282,ENSG00000145425,trna.id.6.84590,0.000855798031665
1283,ENSG00000092036,ENSG00000100316,0.000855798031665
1284,ENSG00000113811,ENSG00000149806,0.000855798031665
1285,ENSG00000134419,ENSG00000217027,0.000855431993157
1286,ENSG00000008988,ENSG00000244754,0.000855431993157
1287,ENSG00000112592,ENSG00000163923,0.000855431993157
1288,ENSG00000221983,ENSG00000222386,0.000855431993157
1289,ENSG00000122026,ENSG00000213700,0.000855431993157
1290,ENSG00000136997,ENSG00000177600,0.000855431993157
1291,ENSG00000067066,ENSG00000147403,0.000855066267636
1292,ENSG00000141646,ENSG00000185088,0.000855066267636
1293,ENSG00000147403,ENSG00000243646,0.000855066267636
1294,ENSG00000037241,ENSG00000143653,0.000854700854701
1295,ENSG00000132676,ENSG00000149136,0.000854700854701
1296,ENSG00000136942,ENSG00000171490,0.000854335753951
1297,ENSG00000037241,ENSG00000158435,0.000854335753951
1298,ENSG00000133112,ENSG00000137818,0.000854335753951
1299,ENSG00000181404,ENSG00000221983,0.000854335753951
1300,ENSG00000150593,ENSG00000177600,0.000854335753951
1301,ENSG00000129824,ENSG00000168907,0.000853970964987
1302,ENSG00000184260,ENSG00000197756,0.000853970964987
1303,ENSG00000174748,ENSG00000270246,0.000853970964987
1304,ENSG00000011638,ENSG00000134419,0.000853970964987
1305,ENSG00000137818,ENSG00000181856,0.000853606487409
1306,ENSG00000137818,ENSG00000198523,0.000853606487409
1307,ENSG00000162244,ENSG00000245910,0.000853242320819
1308,ENSG00000107201,ENSG00000213741,0.000853242320819
1309,ENSG00000174748,ENSG00000271601,0.000853242320819
1310,ENSG00000117899,ENSG00000165502,0.000853242320819
1311,ENSG00000111481,ENSG00000146223,0.000852878464819
1312,ENSG00000037241,ENSG00000167468,0.000852878464819
1313,ENSG00000165502,ENSG00000178922,0.000852878464819
1314,ENSG00000089009,ENSG00000253293,0.000852514919011
1315,ENSG00000134419,ENSG00000253293,0.000852514919011
1316,ENSG00000164346,ENSG00000171863,0.000852514919011
1317,ENSG00000130935,ENSG00000213741,0.000852514919011
1318,ENSG00000207582,ENSG00000265681,0.000852151683
1319,ENSG00000108107,ENSG00000168434,0.000852151683
1320,ENSG00000134419,ENSG00000137831,0.000852151683
1321,ENSG00000115350,ENSG00000149806,0.000852151683
1322,ENSG00000126458,ENSG00000174748,0.000851788756388
1323,ENSG00000134049,ENSG00000213741,0.000851788756388
1324,ENSG00000063177,ENSG00000206337,0.000851788756388
1325,ENSG00000185088,ENSG00000198355,0.000851063829787
1326,ENSG00000116127,ENSG00000163923,0.000851063829787
1327,ENSG00000198355,ENSG00000233927,0.000851063829787
1328,ENSG00000174748,ENSG00000198355,0.000851063829787
1329,ENSG00000132356,ENSG00000165502,0.000851063829787
1330,ENSG00000149806,ENSG00000214022,0.000850701829009
1331,ENSG00000165983,ENSG00000213741,0.000850701829009
1332,ENSG00000065911,ENSG00000174748,0.000850701829009
1333,ENSG00000137693,ENSG00000182899,0.000850340136054
1334,ENSG00000011009,ENSG00000129824,0.000849978750531
1335,ENSG00000136147,ENSG00000165502,0.000849617672048
1336,ENSG00000105372,ENSG00000207112,0.000849617672048
1337,ENSG00000140988,ENSG00000210082,0.000849617672048
1338,ENSG00000112306,ENSG00000118007,0.000848536274926
1339,ENSG00000180447,ENSG00000241343,0.000848176420696
1340,ENSG00000147403,ENSG00000178035,0.000848176420696
1341,ENSG00000178035,ENSG00000213741,0.000848176420696
1342,ENSG00000044090,ENSG00000149806,0.000847816871556
1343,ENSG00000130731,ENSG00000221983,0.000847816871556
1344,ENSG00000197728,ENSG00000231767,0.000847457627119
1345,ENSG00000121058,ENSG00000163923,0.000846740050804
1346,ENSG00000132676,ENSG00000160194,0.000845308537616
1347,ENSG00000125691,ENSG00000225616,0.000844951415294
1348,ENSG00000146223,ENSG00000243951,0.000844594594595
1349,ENSG00000152076,ENSG00000163923,0.00084388185654
1350,ENSG00000230076,ENSG00000241343,0.000843170320405
1351,ENSG00000105372,ENSG00000200087,0.000842459983151
1352,ENSG00000241343,trna.id.14.51973,0.000841396718553
1353,ENSG00000109452,ENSG00000149806,0.000839983200336
1354,ENSG00000146223,ENSG00000240877,0.000837520938023
1355,ENSG00000108298,ENSG00000241343,0.00075
1356,ENSG00000122026,ENSG00000166441,0.0005
1357,ENSG00000197728,ENSG00000265681,0.00025
1358,ENSG00000145425,ENSG00000166441,0.00025
1359,ENSG00000174748,ENSG00000241343,0.00025
1360,ENSG00000166441,ENSG00000213741,0.00025
1361,ENSG00000165502,ENSG00000177600,0.00025
1362,ENSG00000131469,ENSG00000213741,0.00025
